,accuracy,precision_weighted,recall_weighted,f1_score_weighted
SVC,0.8478991596638655,0.8565841467138409,0.8478991596638655,0.8469033291792943
Gradient Boosting,0.819327731092437,0.8278970918925208,0.819327731092437,0.8178535932275889
XGBoost,0.8176470588235294,0.8272851504322842,0.8176470588235294,0.8157140439546672
Random Forest,0.7815126050420168,0.7995959871638546,0.7815126050420168,0.777697600263218
KNN,0.7495798319327731,0.7635652854647677,0.7495798319327731,0.7441950060895518
